local_time_cest,utc_timestamp,grid_load_mwh,wind_onshore_mwh,wind_offshore_mwh,photovoltaics_mwh,wind_onshore_capacity_mw,wind_offshore_capacity_mw,photovoltaics_capacity_mw
2019-06-21T00:00:00+02:00,2019-06-20T22:00:00Z,42832.25,2730.00,368.50,0.00,52394,6393,44036
2019-06-21T01:00:00+02:00,2019-06-20T23:00:00Z,40914.75,2479.50,334.25,0.00,52394,6393,44036
2019-06-21T02:00:00+02:00,2019-06-21T00:00:00Z,40568.50,2196.00,295.50,0.00,52394,6393,44036
2019-06-21T03:00:00+02:00,2019-06-21T01:00:00Z,40343.75,2221.50,408.50,0.00,52394,6393,44036
2019-06-21T04:00:00+02:00,2019-06-21T02:00:00Z,41203.00,2350.00,536.50,2.75,52394,6393,44036
2019-06-21T05:00:00+02:00,2019-06-21T03:00:00Z,43282.75,2647.25,825.75,257.50,52394,6393,44036
2019-06-21T06:00:00+02:00,2019-06-21T04:00:00Z,49232.50,2683.00,897.00,1895.25,52394,6393,44036
2019-06-21T07:00:00+02:00,2019-06-21T05:00:00Z,54252.25,1855.25,594.00,5216.50,52394,6393,44036
2019-06-21T08:00:00+02:00,2019-06-21T06:00:00Z,57626.25,1836.50,401.25,9872.75,52394,6393,44036
2019-06-21T09:00:00+02:00,2019-06-21T07:00:00Z,59010.25,2353.75,476.50,14790.00,52394,6393,44036
2019-06-21T10:00:00+02:00,2019-06-21T08:00:00Z,60280.50,2459.75,490.00,19118.25,52394,6393,44036
2019-06-21T11:00:00+02:00,2019-06-21T09:00:00Z,61430.50,2832.75,667.00,22037.50,52394,6393,44036
2019-06-21T12:00:00+02:00,2019-06-21T10:00:00Z,61047.75,3265.25,812.00,23198.25,52394,6393,44036
2019-06-21T13:00:00+02:00,2019-06-21T11:00:00Z,60197.75,3355.00,890.00,23279.50,52394,6393,44036
2019-06-21T14:00:00+02:00,2019-06-21T12:00:00Z,59019.25,3323.75,965.00,22189.50,52394,6393,44036
2019-06-21T15:00:00+02:00,2019-06-21T13:00:00Z,58254.75,3200.75,1054.50,19728.00,52394,6393,44036
2019-06-21T16:00:00+02:00,2019-06-21T14:00:00Z,57049.50,3121.25,1032.25,16722.50,52394,6393,44036
2019-06-21T17:00:00+02:00,2019-06-21T15:00:00Z,56638.00,3241.25,1057.50,13010.50,52394,6393,44036
2019-06-21T18:00:00+02:00,2019-06-21T16:00:00Z,56264.75,3375.50,1056.00,8335.00,52394,6393,44036
2019-06-21T19:00:00+02:00,2019-06-21T17:00:00Z,55182.75,3289.75,1079.50,4117.00,52394,6393,44036
2019-06-21T20:00:00+02:00,2019-06-21T18:00:00Z,52893.50,3278.25,1156.75,1284.00,52394,6393,44036
2019-06-21T21:00:00+02:00,2019-06-21T19:00:00Z,50344.25,3736.75,1230.75,113.25,52394,6393,44036
2019-06-21T22:00:00+02:00,2019-06-21T20:00:00Z,48967.00,4684.25,1019.75,0.25,52394,6393,44036
2019-06-21T23:00:00+02:00,2019-06-21T21:00:00Z,45631.00,5326.25,739.25,0.00,52394,6393,44036
